ID	PATH
1	./task/resources/csc2/auxillary_matching_shapes/bank.svg
2	./task/resources/csc2/auxillary_matching_shapes/basketball.svg
3	./task/resources/csc2/auxillary_matching_shapes/battery.svg
4	./task/resources/csc2/auxillary_matching_shapes/building.svg
5	./task/resources/csc2/auxillary_matching_shapes/car.svg
6	./task/resources/csc2/auxillary_matching_shapes/film-camera.svg
7	./task/resources/csc2/auxillary_matching_shapes/globe-1.svg
8	./task/resources/csc2/auxillary_matching_shapes/life-buoy.svg
9	./task/resources/csc2/auxillary_matching_shapes/phone-handle.svg
10	./task/resources/csc2/auxillary_matching_shapes/photo.svg
11	./task/resources/csc2/auxillary_matching_shapes/present.svg
12	./task/resources/csc2/auxillary_matching_shapes/ribbon.svg
13	./task/resources/csc2/auxillary_matching_shapes/shopping-card.svg
14	./task/resources/csc2/auxillary_matching_shapes/sun.svg
15	./task/resources/csc2/auxillary_matching_shapes/thumb-down.svg
16	./task/resources/csc2/auxillary_matching_shapes/trophy.svg
