id	r	g	b	desc
0	154	139	136	'gray'
1	255	255	255	'white'
2	248	121	119	'full c1'
3	155	80	77	'full c2'
4	211	154	54	'full c3'
5	128	96	0	'full c4'
6	33	182	73	'full c5'
7	51	108	51	'full c6'
8	7	183	168	'full c7'
9	0	118	98	'full c8'
10	100	160	242	'full c9'
11	54	99	125	'full c10'
12	247	131	208	'full c11'
13	139	79	116	'full c12'
14	187	168	161	'full c13'
15	108	101	93	'full c14'
16	255	157	161	'redu c1'
17	155	80	77	'redu c2'
18	219	174	121	'redu c3'
19	128	96	0	'redu c4'
20	138	190	138	'redu c5'
21	51	108	51	'redu c6'
22	60	193	189	'redu c7'
23	0	118	98	'redu c8'
24	157	178	222	'redu c9'
25	54	99	125	'redu c10'
26	242	157	209	'redu c11'
27	139	79	116	'redu c12'
28	187	168	161	'redu c13'
29	108	101	93	'redu c14'